CAS,TRI,NEI
540-59-0,"1,2-Dichloroethylene",
110-71-4,,"1,2-Dimethoxyethane"
76-14-2,Dichlorotetrafluoroethane (CFC-114),
95-63-6,"1,2,4-Trimethylbenzene",
95-50-1,"1,2-Dichlorobenzene",
96-18-4,"1,2,3-Trichloropropane",
630-20-6,"1,1,1,2-Tetrachloroethane",
79-34-5,"1,1,2,2-Tetrachloroethane","1,1,2,2-Tetrachloroethane"
76-13-1,Freon 113,
75-34-3,Ethylidene dichloride,Ethylidene Dichloride
84-66-2,Diethyl phthalate,
107-21-1,Ethylene glycol,Ethylene Glycol
107-06-2,"1,2-Dichloroethane",Ethylene dichloride
106-93-4,"1,2-Dibromoethane",Ethylene dibromide
78-87-5,"1,2-Dichloropropane",Propylene dichloride
71-55-6,"1,1,1-Trichloroethane",Methyl Chloroform
75-21-8,Ethylene oxide,Ethylene Oxide
79-00-5,"1,1,2-Trichloroethane","1,1,2-Trichloroethane"
120-82-1,"1,2,4-Trichlorobenzene","1,2,4-Trichlorobenzene"
75-35-4,Vinylidene chloride,Vinylidene Chloride
